<?xml version="1.0" encoding="UTF-8"?>
<GenRun Id="impl_1" LaunchPart="xc7a35tcpg236-1" LaunchTime="1697138360">
  <File Type="ROUTE-PWR" Name="Top_Level_power_routed.rpt"/>
  <File Type="PA-TCL" Name="Top_Level.tcl"/>
  <File Type="BITSTR-BMM" Name="Top_Level_bd.bmm"/>
  <File Type="ROUTE-PWR-SUM" Name="Top_Level_power_summary_routed.pb"/>
  <File Type="REPORTS-TCL" Name="Top_Level_reports.tcl"/>
  <File Type="OPT-DCP" Name="Top_Level_opt.dcp"/>
  <File Type="OPT-DRC" Name="Top_Level_drc_opted.rpt"/>
  <File Type="OPT-HWDEF" Name="Top_Level.hwdef"/>
  <File Type="PWROPT-DCP" Name="Top_Level_pwropt.dcp"/>
  <File Type="PLACE-DCP" Name="Top_Level_placed.dcp"/>
  <File Type="PLACE-IO" Name="Top_Level_io_placed.rpt"/>
  <File Type="PLACE-UTIL" Name="Top_Level_utilization_placed.rpt"/>
  <File Type="PLACE-UTIL-PB" Name="Top_Level_utilization_placed.pb"/>
  <File Type="PLACE-CTRL" Name="Top_Level_control_sets_placed.rpt"/>
  <File Type="PLACE-PRE-SIMILARITY" Name="Top_Level_incremental_reuse_pre_placed.rpt"/>
  <File Type="BG-BGN" Name="Top_Level.bgn"/>
  <File Type="POSTPLACE-PWROPT-DCP" Name="Top_Level_postplace_pwropt.dcp"/>
  <File Type="BG-BIN" Name="Top_Level.bin"/>
  <File Type="PHYSOPT-DCP" Name="Top_Level_physopt.dcp"/>
  <File Type="BITSTR-MSK" Name="Top_Level.msk"/>
  <File Type="ROUTE-ERROR-DCP" Name="Top_Level_routed_error.dcp"/>
  <File Type="ROUTE-DCP" Name="Top_Level_routed.dcp"/>
  <File Type="ROUTE-BLACKBOX-DCP" Name="Top_Level_routed_bb.dcp"/>
  <File Type="ROUTE-DRC" Name="Top_Level_drc_routed.rpt"/>
  <File Type="ROUTE-DRC-PB" Name="Top_Level_drc_routed.pb"/>
  <File Type="ROUTE-DRC-RPX" Name="Top_Level_drc_routed.rpx"/>
  <File Type="BITSTR-LTX" Name="Top_Level.ltx"/>
  <File Type="ROUTE-METHODOLOGY-DRC" Name="Top_Level_methodology_drc_routed.rpt"/>
  <File Type="BITSTR-MMI" Name="Top_Level.mmi"/>
  <File Type="ROUTE-METHODOLOGY-DRC-RPX" Name="Top_Level_methodology_drc_routed.rpx"/>
  <File Type="ROUTE-METHODOLOGY-DRC-PB" Name="Top_Level_methodology_drc_routed.pb"/>
  <File Type="BITSTR-SYSDEF" Name="Top_Level.sysdef"/>
  <File Type="ROUTE-PWR-RPX" Name="Top_Level_power_routed.rpx"/>
  <File Type="ROUTE-STATUS" Name="Top_Level_route_status.rpt"/>
  <File Type="ROUTE-STATUS-PB" Name="Top_Level_route_status.pb"/>
  <File Type="ROUTE-TIMINGSUMMARY" Name="Top_Level_timing_summary_routed.rpt"/>
  <File Type="ROUTE-TIMING-PB" Name="Top_Level_timing_summary_routed.pb"/>
  <File Type="ROUTE-TIMING-RPX" Name="Top_Level_timing_summary_routed.rpx"/>
  <File Type="ROUTE-CLK" Name="Top_Level_clock_utilization_routed.rpt"/>
  <File Type="ROUTE-BUS-SKEW" Name="Top_Level_bus_skew_routed.rpt"/>
  <File Type="ROUTE-BUS-SKEW-PB" Name="Top_Level_bus_skew_routed.pb"/>
  <File Type="ROUTE-BUS-SKEW-RPX" Name="Top_Level_bus_skew_routed.rpx"/>
  <File Type="POSTROUTE-PHYSOPT-DCP" Name="Top_Level_postroute_physopt.dcp"/>
  <File Type="POSTROUTE-PHYSOPT-BLACKBOX-DCP" Name="Top_Level_postroute_physopt_bb.dcp"/>
  <File Type="BG-BIT" Name="Top_Level.bit"/>
  <File Type="BITSTR-RBT" Name="Top_Level.rbt"/>
  <File Type="BITSTR-NKY" Name="Top_Level.nky"/>
  <File Type="BG-DRC" Name="Top_Level.drc"/>
  <File Type="RDI-RDI" Name="Top_Level.vdi"/>
  <File Type="WBT-USG" Name="usage_statistics_webtalk.html"/>
  <FileSet Name="sources" Type="DesignSrcs" RelSrcDir="$PSRCDIR/sources_1">
    <Filter Type="Srcs"/>
    <File Path="$PSRCDIR/sources_1/new/FullAdder.v">
      <FileInfo>
        <Attr Name="ImportPath" Val="$PPRDIR/../../../../../../../../../../../../../../Lab_2/Lab_2.srcs/sources_1/new/FullAdder.v"/>
        <Attr Name="ImportTime" Val="1696975405"/>
        <Attr Name="UsedIn" Val="synthesis"/>
        <Attr Name="UsedIn" Val="implementation"/>
        <Attr Name="UsedIn" Val="simulation"/>
      </FileInfo>
    </File>
    <File Path="$PSRCDIR/sources_1/new/HalfAdder.v">
      <FileInfo>
        <Attr Name="ImportPath" Val="$PPRDIR/../../../../../../../../../../../../../../Lab_2/Lab_2.srcs/sources_1/new/HalfAdder.v"/>
        <Attr Name="ImportTime" Val="1696975097"/>
        <Attr Name="UsedIn" Val="synthesis"/>
        <Attr Name="UsedIn" Val="implementation"/>
        <Attr Name="UsedIn" Val="simulation"/>
      </FileInfo>
    </File>
    <File Path="$PSRCDIR/sources_1/new/SignChanger.v">
      <FileInfo>
        <Attr Name="ImportPath" Val="$PPRDIR/../../../../../../../../../../../../../../Lab_2/Lab_2.srcs/sources_1/new/SignChanger.v"/>
        <Attr Name="ImportTime" Val="1696978474"/>
        <Attr Name="UsedIn" Val="synthesis"/>
        <Attr Name="UsedIn" Val="implementation"/>
        <Attr Name="UsedIn" Val="simulation"/>
      </FileInfo>
    </File>
    <File Path="$PSRCDIR/sources_1/new/adder8.v">
      <FileInfo>
        <Attr Name="ImportPath" Val="$PPRDIR/../../../../../../../../../../../../../../Lab_2/Lab_2.srcs/sources_1/new/adder8.v"/>
        <Attr Name="ImportTime" Val="1696976424"/>
        <Attr Name="UsedIn" Val="synthesis"/>
        <Attr Name="UsedIn" Val="implementation"/>
        <Attr Name="UsedIn" Val="simulation"/>
      </FileInfo>
    </File>
    <File Path="$PSRCDIR/sources_1/new/hex7seg.v">
      <FileInfo>
        <Attr Name="ImportPath" Val="$PPRDIR/../../../../../../../../../../../../../../Lab_2/Lab_2.srcs/sources_1/new/hex7seg.v"/>
        <Attr Name="ImportTime" Val="1696971585"/>
        <Attr Name="UsedIn" Val="synthesis"/>
        <Attr Name="UsedIn" Val="implementation"/>
        <Attr Name="UsedIn" Val="simulation"/>
      </FileInfo>
    </File>
    <File Path="$PSRCDIR/sources_1/new/lab2_digsel.v">
      <FileInfo>
        <Attr Name="ImportPath" Val="$PPRDIR/../../../../../../../../../../../../../Downloads/Lab_2.xpr/Lab_2/Lab_2.srcs/sources_1/new/lab2_digsel.v"/>
        <Attr Name="ImportTime" Val="1697053138"/>
        <Attr Name="UsedIn" Val="synthesis"/>
        <Attr Name="UsedIn" Val="implementation"/>
        <Attr Name="UsedIn" Val="simulation"/>
      </FileInfo>
    </File>
    <File Path="$PSRCDIR/sources_1/new/mux2to1.v">
      <FileInfo>
        <Attr Name="ImportPath" Val="$PPRDIR/../../../../../../../../../../../../../../Lab_2/Lab_2.srcs/sources_1/new/mux2to1.v"/>
        <Attr Name="ImportTime" Val="1696968416"/>
        <Attr Name="UsedIn" Val="synthesis"/>
        <Attr Name="UsedIn" Val="implementation"/>
        <Attr Name="UsedIn" Val="simulation"/>
      </FileInfo>
    </File>
    <File Path="$PSRCDIR/sources_1/new/Top_Level.v">
      <FileInfo>
        <Attr Name="ImportPath" Val="$PPRDIR/../../../../../../../../../../../../../../Lab_2/Lab_2.srcs/sources_1/new/Top_Level.v"/>
        <Attr Name="ImportTime" Val="1696971934"/>
        <Attr Name="UsedIn" Val="synthesis"/>
        <Attr Name="UsedIn" Val="implementation"/>
        <Attr Name="UsedIn" Val="simulation"/>
      </FileInfo>
    </File>
    <File Path="$PSRCDIR/sources_1/new/Top_Mux.v">
      <FileInfo>
        <Attr Name="AutoDisabled" Val="1"/>
        <Attr Name="ImportPath" Val="$PPRDIR/../../../../../../../../../../../../../../Lab_2/Lab_2.srcs/sources_1/new/Top_Mux.v"/>
        <Attr Name="ImportTime" Val="1696968534"/>
        <Attr Name="UsedIn" Val="synthesis"/>
        <Attr Name="UsedIn" Val="implementation"/>
        <Attr Name="UsedIn" Val="simulation"/>
      </FileInfo>
    </File>
    <File Path="$PSRCDIR/sources_1/new/adder16.v">
      <FileInfo>
        <Attr Name="AutoDisabled" Val="1"/>
        <Attr Name="ImportPath" Val="$PPRDIR/../../../../../../../../../../../../../../Lab_2/Lab_2.srcs/sources_1/new/adder16.v"/>
        <Attr Name="ImportTime" Val="1696972744"/>
        <Attr Name="UsedIn" Val="synthesis"/>
        <Attr Name="UsedIn" Val="implementation"/>
        <Attr Name="UsedIn" Val="simulation"/>
      </FileInfo>
    </File>
    <File Path="$PSRCDIR/sources_1/imports/Lab_2/archive_project_summary.txt">
      <FileInfo>
        <Attr Name="ImportPath" Val="$PPRDIR/../../../../../../../../Downloads/Lab_2/archive_project_summary.txt"/>
        <Attr Name="ImportTime" Val="1697065446"/>
      </FileInfo>
    </File>
    <Config>
      <Option Name="DesignMode" Val="RTL"/>
      <Option Name="TopModule" Val="Top_Level"/>
    </Config>
  </FileSet>
  <FileSet Name="constrs_in" Type="Constrs" RelSrcDir="$PSRCDIR/constrs_1">
    <Filter Type="Constrs"/>
    <File Path="$PSRCDIR/constrs_1/imports/Downloads/Basys3_Master.xdc">
      <FileInfo>
        <Attr Name="ImportPath" Val="$PPRDIR/../../../../../../../../../../../../../../../Downloads/Basys3_Master.xdc"/>
        <Attr Name="ImportTime" Val="1696969597"/>
        <Attr Name="UsedIn" Val="synthesis"/>
        <Attr Name="UsedIn" Val="implementation"/>
      </FileInfo>
    </File>
    <Config>
      <Option Name="ConstrsType" Val="XDC"/>
    </Config>
  </FileSet>
  <FileSet Name="utils" Type="Utils" RelSrcDir="$PSRCDIR/utils_1">
    <Filter Type="Utils"/>
    <Config>
      <Option Name="TopAutoSet" Val="TRUE"/>
    </Config>
  </FileSet>
  <Strategy Version="1" Minor="2">
    <StratHandle Name="Vivado Implementation Defaults" Flow="Vivado Implementation 2019"/>
    <Step Id="init_design"/>
    <Step Id="opt_design"/>
    <Step Id="power_opt_design"/>
    <Step Id="place_design"/>
    <Step Id="post_place_power_opt_design"/>
    <Step Id="phys_opt_design"/>
    <Step Id="route_design"/>
    <Step Id="post_route_phys_opt_design"/>
    <Step Id="write_bitstream"/>
  </Strategy>
</GenRun>
